topology,seed,run_id,run_name,run_state,run_url,evaluation_step,distance_m,selection_mean_distance_m
henneberg_n5_1tube_1,1,f1e7bvsq,paper-v3-henneberg_n5_1tube_1-1-job_0000_a521a92179e7,finished,https://wandb.ai/i-suds/paper_results/runs/f1e7bvsq,7841280,37.51744690104758,49.32200752458065
henneberg_n5_1tube_1,2,3dueqci4,paper-v3-henneberg_n5_1tube_1-2-job_0001_f6cb1a4d2f56,finished,https://wandb.ai/i-suds/paper_results/runs/3dueqci4,7841280,57.6445040136655,49.32200752458065
henneberg_n5_1tube_1,3,fpy6nctq,paper-v3-henneberg_n5_1tube_1-3-job_0002_2e8fdaf4880d,finished,https://wandb.ai/i-suds/paper_results/runs/fpy6nctq,7841280,52.804071659028864,49.32200752458065
henneberg_n6_1tube_2,1,okhxpom2,paper-v3-henneberg_n6_1tube_2-1-job_0003_2d747775c027,finished,https://wandb.ai/i-suds/paper_results/runs/okhxpom2,4320768,30.875450212370247,29.89506303483508
henneberg_n6_1tube_2,2,yq24of92,paper-v3-henneberg_n6_1tube_2-2-job_0004_77d785a7b03b,finished,https://wandb.ai/i-suds/paper_results/runs/yq24of92,4320768,22.118897030694566,29.89506303483508
henneberg_n6_1tube_2,3,zfplltu8,paper-v3-henneberg_n6_1tube_2-3-job_0005_dde6ecf2474a,finished,https://wandb.ai/i-suds/paper_results/runs/zfplltu8,4320768,36.690841861440425,29.89506303483508
henneberg_n6_2tube_1,1,vjwagb8f,paper-v3-henneberg_n6_2tube_1-1-job_0012_cc5ee33ee09a,finished,https://wandb.ai/i-suds/paper_results/runs/vjwagb8f,9280512,5.968664955667548,44.33032250128782
henneberg_n6_2tube_1,2,5ah18acj,paper-v3-henneberg_n6_2tube_1-2-job_0013_bac8c12821a6,finished,https://wandb.ai/i-suds/paper_results/runs/5ah18acj,9280512,63.85219953471684,44.33032250128782
henneberg_n6_2tube_1,3,beo0fpdw,paper-v3-henneberg_n6_2tube_1-3-job_0014_8ebe56f88884,finished,https://wandb.ai/i-suds/paper_results/runs/beo0fpdw,9280512,63.17010301347907,44.33032250128782
henneberg_n7_1tube_3,1,1anyry6z,paper-v3-henneberg_n7_1tube_3-1-job_0006_f929e81285da,finished,https://wandb.ai/i-suds/paper_results/runs/1anyry6z,8060928,22.81925436280379,43.56052071803908
henneberg_n7_1tube_3,2,lx5ztth2,paper-v3-henneberg_n7_1tube_3-2-job_0007_252aacc54d6e,finished,https://wandb.ai/i-suds/paper_results/runs/lx5ztth2,8060928,49.87131771876043,43.56052071803908
henneberg_n7_1tube_3,3,pk7l5j0x,paper-v3-henneberg_n7_1tube_3-3-job_0008_bd31072a3310,finished,https://wandb.ai/i-suds/paper_results/runs/pk7l5j0x,8060928,57.99099007255302,43.56052071803908
henneberg_n7_3tube_1,1,kmwu797o,paper-v3-henneberg_n7_3tube_1-1-job_0021_17ae09aa1c02,finished,https://wandb.ai/i-suds/paper_results/runs/kmwu797o,7120896,61.325139207764394,35.44636543639135
henneberg_n7_3tube_1,2,nol8fdrq,paper-v3-henneberg_n7_3tube_1-2-job_0022_7b922d006df2,finished,https://wandb.ai/i-suds/paper_results/runs/nol8fdrq,7120896,17.553284213947578,35.44636543639135
henneberg_n7_3tube_1,3,mqscm7sj,paper-v3-henneberg_n7_3tube_1-3-job_0023_61ba6e45051c,finished,https://wandb.ai/i-suds/paper_results/runs/mqscm7sj,7120896,27.46067288746209,35.44636543639135
henneberg_n8_1tube_57,1,wkprbwzc,paper-v3-henneberg_n8_1tube_57-1-job_0009_b974272b2edc,finished,https://wandb.ai/i-suds/paper_results/runs/wkprbwzc,9681408,50.5819432177725,55.467130448824854
henneberg_n8_1tube_57,2,egrx2t9w,paper-v3-henneberg_n8_1tube_57-2-job_0010_1ec93f934075,finished,https://wandb.ai/i-suds/paper_results/runs/egrx2t9w,9681408,69.69962244264029,55.467130448824854
henneberg_n8_1tube_57,3,pzphlajg,paper-v3-henneberg_n8_1tube_57-3-job_0011_c53a71829c7b,finished,https://wandb.ai/i-suds/paper_results/runs/pzphlajg,9681408,46.11982568606176,55.467130448824854
henneberg_n8_2tube_187,1,k4i175zk,paper-v3-henneberg_n8_2tube_187-1-job_0015_310bb5fba8f6,finished,https://wandb.ai/i-suds/paper_results/runs/k4i175zk,5620224,79.19431527787201,60.912704758498364
henneberg_n8_2tube_187,2,qypa5trq,paper-v3-henneberg_n8_2tube_187-2-job_0016_6f97c2091b6f,finished,https://wandb.ai/i-suds/paper_results/runs/qypa5trq,5620224,18.50712529965115,60.912704758498364
henneberg_n8_2tube_187,3,3h4220q4,paper-v3-henneberg_n8_2tube_187-3-job_0017_d4ac08eb26a3,crashed,https://wandb.ai/i-suds/paper_results/runs/3h4220q4,5620224,85.03667369797193,60.912704758498364
henneberg_n8_3tube_64,1,7o7xqswy,paper-v3-henneberg_n8_3tube_64-1-job_0024_4b28182dad81,finished,https://wandb.ai/i-suds/paper_results/runs/7o7xqswy,9641472,63.132701196215734,31.34175486072401
henneberg_n8_3tube_64,2,er32c8wd,paper-v3-henneberg_n8_3tube_64-2-job_0025_409181512a78,finished,https://wandb.ai/i-suds/paper_results/runs/er32c8wd,9641472,29.17529512229917,31.34175486072401
henneberg_n8_3tube_64,3,ctoxsof0,paper-v3-henneberg_n8_3tube_64-3-job_0026_a7dec669de53,finished,https://wandb.ai/i-suds/paper_results/runs/ctoxsof0,9641472,1.717268263657124,31.34175486072401
octahedron,1,udhk7tzs,paper-v3-octahedron-1-job_0036_6cfdb64da97b,finished,https://wandb.ai/i-suds/paper_results/runs/udhk7tzs,9220608,78.18464603461447,71.22715015349847
octahedron,2,p6gckaix,paper-v3-octahedron-2-job_0037_02bfb84b2be0,finished,https://wandb.ai/i-suds/paper_results/runs/p6gckaix,9220608,52.998190253696905,71.22715015349847
octahedron,3,e1lcvjsd,paper-v3-octahedron-3-job_0038_9abfe832a682,finished,https://wandb.ai/i-suds/paper_results/runs/e1lcvjsd,9220608,82.49861417218405,71.22715015349847
tetrahedron,1,4983yjq0,paper-v3-tetrahedron-1-job_0018_8199592eac27,finished,https://wandb.ai/i-suds/paper_results/runs/4983yjq0,6761472,23.46345270104023,18.018882834415113
tetrahedron,2,xxjuvs2h,paper-v3-tetrahedron-2-job_0019_56d6d52a30ec,finished,https://wandb.ai/i-suds/paper_results/runs/xxjuvs2h,6761472,22.483017203717655,18.018882834415113
tetrahedron,3,kri20h5n,paper-v3-tetrahedron-3-job_0020_1aed9590f989,finished,https://wandb.ai/i-suds/paper_results/runs/kri20h5n,6761472,8.110178598487462,18.018882834415113
usevitch_1514879,1,4ehny6hy,paper-v3-usevitch_1514879-1-job_0033_6ee1681ac95e,finished,https://wandb.ai/i-suds/paper_results/runs/4ehny6hy,8902656,24.79671720565475,40.39204110734047
usevitch_1514879,2,xcnf2cy3,paper-v3-usevitch_1514879-2-job_0034_eef2f4d1d6cd,finished,https://wandb.ai/i-suds/paper_results/runs/xcnf2cy3,8902656,32.8033940042548,40.39204110734047
usevitch_1514879,3,rtn79bws,paper-v3-usevitch_1514879-3-job_0035_179709c26db2,finished,https://wandb.ai/i-suds/paper_results/runs/rtn79bws,8902656,63.57601211211185,40.39204110734047
usevitch_210272254_p1,1,18okntb1,paper-v3-usevitch_210272254_p1-1-job_0030_6869fd45c005,finished,https://wandb.ai/i-suds/paper_results/runs/18okntb1,8001024,14.01170750008833,26.581863284224493
usevitch_210272254_p1,2,747o1mkl,paper-v3-usevitch_210272254_p1-2-job_0031_271f94eb1fb5,finished,https://wandb.ai/i-suds/paper_results/runs/747o1mkl,8001024,27.027456814075055,26.581863284224493
usevitch_210272254_p1,3,4p0pyrvv,paper-v3-usevitch_210272254_p1-3-job_0032_3e80d3206805,finished,https://wandb.ai/i-suds/paper_results/runs/4p0pyrvv,8001024,38.70642553851009,26.581863284224493
usevitch_60243677150_p1,1,2a2p1fd7,paper-v3-usevitch_60243677150_p1-1-job_0027_bc220afd5982,finished,https://wandb.ai/i-suds/paper_results/runs/2a2p1fd7,9641472,49.96599127235154,45.47937063513268
usevitch_60243677150_p1,2,d8f37adp,paper-v3-usevitch_60243677150_p1-2-job_0028_65ff4aa814fc,finished,https://wandb.ai/i-suds/paper_results/runs/d8f37adp,9641472,25.837387991491333,45.47937063513268
usevitch_60243677150_p1,3,8ehxzk03,paper-v3-usevitch_60243677150_p1-3-job_0029_2609eae8b06e,finished,https://wandb.ai/i-suds/paper_results/runs/8ehxzk03,9641472,60.63473264155518,45.47937063513268
