fold,seed,run_id,run_name,run_state,topology,role,evaluation_step,distance_m,selection_mean_distance_m
node_4,1,CV-BASE-node_4_seed_1_job_0000_6fbd02149508,CV-BASE-node_4_seed_1_job_0000_6fbd02149508,finished,henneberg_n5_1tube_1,train,5080239,6.4705282144340455,6.668851278935244
node_4,2,CV-BASE-node_4_seed_2_job_0001_6252b9754c2e,CV-BASE-node_4_seed_2_job_0001_6252b9754c2e,finished,henneberg_n5_1tube_1,train,5080239,10.900525820967935,6.668851278935244
node_4,3,CV-BASE-node_4_seed_3_job_0002_ac9787478933,CV-BASE-node_4_seed_3_job_0002_ac9787478933,finished,henneberg_n5_1tube_1,train,5080239,2.635499801403751,6.668851278935244
node_4,1,CV-BASE-node_4_seed_1_job_0000_6fbd02149508,CV-BASE-node_4_seed_1_job_0000_6fbd02149508,finished,henneberg_n6_1tube_2,train,2140749,2.0067752292679266,1.9535435120503362
node_4,2,CV-BASE-node_4_seed_2_job_0001_6252b9754c2e,CV-BASE-node_4_seed_2_job_0001_6252b9754c2e,finished,henneberg_n6_1tube_2,train,2140749,2.03121120346396,1.9535435120503362
node_4,3,CV-BASE-node_4_seed_3_job_0002_ac9787478933,CV-BASE-node_4_seed_3_job_0002_ac9787478933,finished,henneberg_n6_1tube_2,train,2140749,1.822644103419122,1.9535435120503362
node_4,1,CV-BASE-node_4_seed_1_job_0000_6fbd02149508,CV-BASE-node_4_seed_1_job_0000_6fbd02149508,finished,henneberg_n6_2tube_1,train,4640085,8.37941844859354,4.384397549329486
node_4,2,CV-BASE-node_4_seed_2_job_0001_6252b9754c2e,CV-BASE-node_4_seed_2_job_0001_6252b9754c2e,finished,henneberg_n6_2tube_1,train,4640085,1.928255224959253,4.384397549329486
node_4,3,CV-BASE-node_4_seed_3_job_0002_ac9787478933,CV-BASE-node_4_seed_3_job_0002_ac9787478933,finished,henneberg_n6_2tube_1,train,4640085,2.845518974435664,4.384397549329486
node_4,1,CV-BASE-node_4_seed_1_job_0000_6fbd02149508,CV-BASE-node_4_seed_1_job_0000_6fbd02149508,finished,henneberg_n8_1tube_57,train,4281498,2.9263892940738216,2.524570698260195
node_4,2,CV-BASE-node_4_seed_2_job_0001_6252b9754c2e,CV-BASE-node_4_seed_2_job_0001_6252b9754c2e,finished,henneberg_n8_1tube_57,train,4281498,2.3883309165830324,2.524570698260195
node_4,3,CV-BASE-node_4_seed_3_job_0002_ac9787478933,CV-BASE-node_4_seed_3_job_0002_ac9787478933,finished,henneberg_n8_1tube_57,train,4281498,2.258991884123732,2.524570698260195
node_4,1,CV-BASE-node_4_seed_1_job_0000_6fbd02149508,CV-BASE-node_4_seed_1_job_0000_6fbd02149508,finished,henneberg_n8_2tube_187,train,4221477,2.945604844543576,2.1297420243841167
node_4,2,CV-BASE-node_4_seed_2_job_0001_6252b9754c2e,CV-BASE-node_4_seed_2_job_0001_6252b9754c2e,finished,henneberg_n8_2tube_187,train,4221477,1.5809697818715835,2.1297420243841167
node_4,3,CV-BASE-node_4_seed_3_job_0002_ac9787478933,CV-BASE-node_4_seed_3_job_0002_ac9787478933,finished,henneberg_n8_2tube_187,train,4221477,1.8626514467371904,2.1297420243841167
node_4,1,CV-BASE-node_4_seed_1_job_0000_6fbd02149508,CV-BASE-node_4_seed_1_job_0000_6fbd02149508,finished,henneberg_n8_3tube_64,train,5020218,2.967682744961013,2.359146759081008
node_4,2,CV-BASE-node_4_seed_2_job_0001_6252b9754c2e,CV-BASE-node_4_seed_2_job_0001_6252b9754c2e,finished,henneberg_n8_3tube_64,train,5020218,2.105183760182922,2.359146759081008
node_4,3,CV-BASE-node_4_seed_3_job_0002_ac9787478933,CV-BASE-node_4_seed_3_job_0002_ac9787478933,finished,henneberg_n8_3tube_64,train,5020218,2.0045737720990884,2.359146759081008
node_4,1,CV-BASE-node_4_seed_1_job_0000_6fbd02149508,CV-BASE-node_4_seed_1_job_0000_6fbd02149508,finished,octahedron,train,4221477,33.17530826132585,17.368792360967486
node_4,2,CV-BASE-node_4_seed_2_job_0001_6252b9754c2e,CV-BASE-node_4_seed_2_job_0001_6252b9754c2e,finished,octahedron,train,4221477,14.67348817979449,17.368792360967486
node_4,3,CV-BASE-node_4_seed_3_job_0002_ac9787478933,CV-BASE-node_4_seed_3_job_0002_ac9787478933,finished,octahedron,train,4221477,4.257580641782122,17.368792360967486
node_4,1,CV-BASE-node_4_seed_1_job_0000_6fbd02149508,CV-BASE-node_4_seed_1_job_0000_6fbd02149508,finished,tetrahedron,heldout,560196,0.1228968386236835,0.36722435908345424
node_4,2,CV-BASE-node_4_seed_2_job_0001_6252b9754c2e,CV-BASE-node_4_seed_2_job_0001_6252b9754c2e,finished,tetrahedron,heldout,560196,0.4814092998857274,0.36722435908345424
node_4,3,CV-BASE-node_4_seed_3_job_0002_ac9787478933,CV-BASE-node_4_seed_3_job_0002_ac9787478933,finished,tetrahedron,heldout,560196,0.4973669387409519,0.36722435908345424
node_4,1,CV-BASE-node_4_seed_1_job_0000_6fbd02149508,CV-BASE-node_4_seed_1_job_0000_6fbd02149508,finished,usevitch_210272254_p1,train,5060232,3.5286669356040763,3.4423682098528325
node_4,2,CV-BASE-node_4_seed_2_job_0001_6252b9754c2e,CV-BASE-node_4_seed_2_job_0001_6252b9754c2e,finished,usevitch_210272254_p1,train,5060232,3.4116001275211545,3.4423682098528325
node_4,3,CV-BASE-node_4_seed_3_job_0002_ac9787478933,CV-BASE-node_4_seed_3_job_0002_ac9787478933,finished,usevitch_210272254_p1,train,5060232,3.3868375664332673,3.4423682098528325
node_4,1,CV-BASE-node_4_seed_1_job_0000_6fbd02149508,CV-BASE-node_4_seed_1_job_0000_6fbd02149508,finished,usevitch_60243677150_p1,train,4341519,1.6563619281730244,1.8970233302833261
node_4,2,CV-BASE-node_4_seed_2_job_0001_6252b9754c2e,CV-BASE-node_4_seed_2_job_0001_6252b9754c2e,finished,usevitch_60243677150_p1,train,4341519,1.9730847390667652,1.8970233302833261
node_4,3,CV-BASE-node_4_seed_3_job_0002_ac9787478933,CV-BASE-node_4_seed_3_job_0002_ac9787478933,finished,usevitch_60243677150_p1,train,4341519,2.0616233236101897,1.8970233302833261
node_5,1,CV-BASE-node_5_seed_1_job_0006_9e85c2645320,CV-BASE-node_5_seed_1_job_0006_9e85c2645320,finished,henneberg_n5_1tube_1,heldout,2700945,0.2703604570351031,0.23727493541499367
node_5,2,CV-BASE-node_5_seed_2_job_0007_05cfa1ebb7ea,CV-BASE-node_5_seed_2_job_0007_05cfa1ebb7ea,finished,henneberg_n5_1tube_1,heldout,2700945,0.1521797427049995,0.23727493541499367
node_5,3,CV-BASE-node_5_seed_3_job_0008_2e51ef002b4e,CV-BASE-node_5_seed_3_job_0008_2e51ef002b4e,finished,henneberg_n5_1tube_1,heldout,2700945,0.2892846065048784,0.23727493541499367
node_5,1,CV-BASE-node_5_seed_1_job_0006_9e85c2645320,CV-BASE-node_5_seed_1_job_0006_9e85c2645320,finished,henneberg_n6_1tube_2,train,1960686,1.7015701254311375,1.9780692650504108
node_5,2,CV-BASE-node_5_seed_2_job_0007_05cfa1ebb7ea,CV-BASE-node_5_seed_2_job_0007_05cfa1ebb7ea,finished,henneberg_n6_1tube_2,train,1960686,2.1931930487541296,1.9780692650504108
node_5,3,CV-BASE-node_5_seed_3_job_0008_2e51ef002b4e,CV-BASE-node_5_seed_3_job_0008_2e51ef002b4e,finished,henneberg_n6_1tube_2,train,1960686,2.039444620965966,1.9780692650504108
node_5,1,CV-BASE-node_5_seed_1_job_0006_9e85c2645320,CV-BASE-node_5_seed_1_job_0006_9e85c2645320,finished,henneberg_n6_2tube_1,train,3301155,2.0171594049097603,1.696383656461337
node_5,2,CV-BASE-node_5_seed_2_job_0007_05cfa1ebb7ea,CV-BASE-node_5_seed_2_job_0007_05cfa1ebb7ea,finished,henneberg_n6_2tube_1,train,3301155,1.5371183720180637,1.696383656461337
node_5,3,CV-BASE-node_5_seed_3_job_0008_2e51ef002b4e,CV-BASE-node_5_seed_3_job_0008_2e51ef002b4e,finished,henneberg_n6_2tube_1,train,3301155,1.5348731924561874,1.696383656461337
node_5,1,CV-BASE-node_5_seed_1_job_0006_9e85c2645320,CV-BASE-node_5_seed_1_job_0006_9e85c2645320,finished,henneberg_n8_1tube_57,train,3341169,2.0858532944903283,1.9964547172001834
node_5,2,CV-BASE-node_5_seed_2_job_0007_05cfa1ebb7ea,CV-BASE-node_5_seed_2_job_0007_05cfa1ebb7ea,finished,henneberg_n8_1tube_57,train,3341169,2.2270192031819476,1.9964547172001834
node_5,3,CV-BASE-node_5_seed_3_job_0008_2e51ef002b4e,CV-BASE-node_5_seed_3_job_0008_2e51ef002b4e,finished,henneberg_n8_1tube_57,train,3341169,1.6764916539282744,1.9964547172001834
node_5,1,CV-BASE-node_5_seed_1_job_0006_9e85c2645320,CV-BASE-node_5_seed_1_job_0006_9e85c2645320,finished,henneberg_n8_2tube_187,train,1860651,1.7796317537787754,2.0457060202686317
node_5,2,CV-BASE-node_5_seed_2_job_0007_05cfa1ebb7ea,CV-BASE-node_5_seed_2_job_0007_05cfa1ebb7ea,finished,henneberg_n8_2tube_187,train,1860651,2.3672779983418817,2.0457060202686317
node_5,3,CV-BASE-node_5_seed_3_job_0008_2e51ef002b4e,CV-BASE-node_5_seed_3_job_0008_2e51ef002b4e,finished,henneberg_n8_2tube_187,train,1860651,1.990208308685237,2.0457060202686317
node_5,1,CV-BASE-node_5_seed_1_job_0006_9e85c2645320,CV-BASE-node_5_seed_1_job_0006_9e85c2645320,finished,henneberg_n8_3tube_64,train,3341169,1.5835858485157364,1.8332297066133785
node_5,2,CV-BASE-node_5_seed_2_job_0007_05cfa1ebb7ea,CV-BASE-node_5_seed_2_job_0007_05cfa1ebb7ea,finished,henneberg_n8_3tube_64,train,3341169,1.3786645297193498,1.8332297066133785
node_5,3,CV-BASE-node_5_seed_3_job_0008_2e51ef002b4e,CV-BASE-node_5_seed_3_job_0008_2e51ef002b4e,finished,henneberg_n8_3tube_64,train,3341169,2.5374387416050492,1.8332297066133785
node_5,1,CV-BASE-node_5_seed_1_job_0006_9e85c2645320,CV-BASE-node_5_seed_1_job_0006_9e85c2645320,finished,octahedron,train,1980693,16.329605486578508,9.353897281446965
node_5,2,CV-BASE-node_5_seed_2_job_0007_05cfa1ebb7ea,CV-BASE-node_5_seed_2_job_0007_05cfa1ebb7ea,finished,octahedron,train,1980693,2.0177250842469503,9.353897281446965
node_5,3,CV-BASE-node_5_seed_3_job_0008_2e51ef002b4e,CV-BASE-node_5_seed_3_job_0008_2e51ef002b4e,finished,octahedron,train,1980693,9.714361273515436,9.353897281446965
node_5,1,CV-BASE-node_5_seed_1_job_0006_9e85c2645320,CV-BASE-node_5_seed_1_job_0006_9e85c2645320,finished,tetrahedron,train,3301155,0.714248293999047,1.2601389069966913
node_5,2,CV-BASE-node_5_seed_2_job_0007_05cfa1ebb7ea,CV-BASE-node_5_seed_2_job_0007_05cfa1ebb7ea,finished,tetrahedron,train,3301155,0.7691194560560319,1.2601389069966913
node_5,3,CV-BASE-node_5_seed_3_job_0008_2e51ef002b4e,CV-BASE-node_5_seed_3_job_0008_2e51ef002b4e,finished,tetrahedron,train,3301155,2.2970489709349953,1.2601389069966913
node_5,1,CV-BASE-node_5_seed_1_job_0006_9e85c2645320,CV-BASE-node_5_seed_1_job_0006_9e85c2645320,finished,usevitch_210272254_p1,train,3241134,2.2400310429575185,2.471491380862159
node_5,2,CV-BASE-node_5_seed_2_job_0007_05cfa1ebb7ea,CV-BASE-node_5_seed_2_job_0007_05cfa1ebb7ea,finished,usevitch_210272254_p1,train,3241134,2.725405464105128,2.471491380862159
node_5,3,CV-BASE-node_5_seed_3_job_0008_2e51ef002b4e,CV-BASE-node_5_seed_3_job_0008_2e51ef002b4e,finished,usevitch_210272254_p1,train,3241134,2.4490376355238306,2.471491380862159
node_5,1,CV-BASE-node_5_seed_1_job_0006_9e85c2645320,CV-BASE-node_5_seed_1_job_0006_9e85c2645320,finished,usevitch_60243677150_p1,train,3221127,1.375576842716785,1.694265299180877
node_5,2,CV-BASE-node_5_seed_2_job_0007_05cfa1ebb7ea,CV-BASE-node_5_seed_2_job_0007_05cfa1ebb7ea,finished,usevitch_60243677150_p1,train,3221127,2.3779690798562925,1.694265299180877
node_5,3,CV-BASE-node_5_seed_3_job_0008_2e51ef002b4e,CV-BASE-node_5_seed_3_job_0008_2e51ef002b4e,finished,usevitch_60243677150_p1,train,3221127,1.3292499749695534,1.694265299180877
node_6,1,CV-3WAY-FEATURES-node_6_seed_1_job_0000_3ee0ad1a488f,CV-3WAY-FEATURES-node_6_seed_1_job_0000_3ee0ad1a488f,finished,henneberg_n5_1tube_1,train,1861062,1.4261813548454143,1.6130634262256383
node_6,2,CV-3WAY-FEATURES-node_6_seed_2_job_0001_740e0d999873,CV-3WAY-FEATURES-node_6_seed_2_job_0001_740e0d999873,finished,henneberg_n5_1tube_1,train,1861062,1.59151055042267,1.6130634262256383
node_6,3,CV-3WAY-FEATURES-node_6_seed_3_job_0002_0d7a19b6b608,CV-3WAY-FEATURES-node_6_seed_3_job_0002_0d7a19b6b608,finished,henneberg_n5_1tube_1,train,1861062,1.8214983734088304,1.6130634262256383
node_6,1,CV-3WAY-FEATURES-node_6_seed_1_job_0000_3ee0ad1a488f,CV-3WAY-FEATURES-node_6_seed_1_job_0000_3ee0ad1a488f,finished,henneberg_n6_1tube_2,heldout,1280055,0.1041365570632516,0.5142511769540546
node_6,2,CV-3WAY-FEATURES-node_6_seed_2_job_0001_740e0d999873,CV-3WAY-FEATURES-node_6_seed_2_job_0001_740e0d999873,finished,henneberg_n6_1tube_2,heldout,1280055,1.0414568297544249,0.5142511769540546
node_6,3,CV-3WAY-FEATURES-node_6_seed_3_job_0002_0d7a19b6b608,CV-3WAY-FEATURES-node_6_seed_3_job_0002_0d7a19b6b608,finished,henneberg_n6_1tube_2,heldout,1280055,0.3971601440444873,0.5142511769540546
node_6,1,CV-3WAY-FEATURES-node_6_seed_1_job_0000_3ee0ad1a488f,CV-3WAY-FEATURES-node_6_seed_1_job_0000_3ee0ad1a488f,finished,henneberg_n6_2tube_1,heldout,1940778,0.3404648031915641,0.42336192820382607
node_6,2,CV-3WAY-FEATURES-node_6_seed_2_job_0001_740e0d999873,CV-3WAY-FEATURES-node_6_seed_2_job_0001_740e0d999873,finished,henneberg_n6_2tube_1,heldout,1940778,0.3380520544268127,0.42336192820382607
node_6,3,CV-3WAY-FEATURES-node_6_seed_3_job_0002_0d7a19b6b608,CV-3WAY-FEATURES-node_6_seed_3_job_0002_0d7a19b6b608,finished,henneberg_n6_2tube_1,heldout,1940778,0.5915689269931014,0.42336192820382607
node_6,1,CV-3WAY-FEATURES-node_6_seed_1_job_0000_3ee0ad1a488f,CV-3WAY-FEATURES-node_6_seed_1_job_0000_3ee0ad1a488f,finished,henneberg_n8_1tube_57,train,1900920,1.1627872879822694,1.2317998974638165
node_6,2,CV-3WAY-FEATURES-node_6_seed_2_job_0001_740e0d999873,CV-3WAY-FEATURES-node_6_seed_2_job_0001_740e0d999873,finished,henneberg_n8_1tube_57,train,1900920,1.3536025844997983,1.2317998974638165
node_6,3,CV-3WAY-FEATURES-node_6_seed_3_job_0002_0d7a19b6b608,CV-3WAY-FEATURES-node_6_seed_3_job_0002_0d7a19b6b608,finished,henneberg_n8_1tube_57,train,1900920,1.1790098199093817,1.2317998974638165
node_6,1,CV-3WAY-FEATURES-node_6_seed_1_job_0000_3ee0ad1a488f,CV-3WAY-FEATURES-node_6_seed_1_job_0000_3ee0ad1a488f,finished,henneberg_n8_2tube_187,train,1741488,1.6177305133196829,1.834609063599446
node_6,2,CV-3WAY-FEATURES-node_6_seed_2_job_0001_740e0d999873,CV-3WAY-FEATURES-node_6_seed_2_job_0001_740e0d999873,finished,henneberg_n8_2tube_187,train,1741488,1.4407162681482375,1.834609063599446
node_6,3,CV-3WAY-FEATURES-node_6_seed_3_job_0002_0d7a19b6b608,CV-3WAY-FEATURES-node_6_seed_3_job_0002_0d7a19b6b608,finished,henneberg_n8_2tube_187,train,1741488,2.4453804093304177,1.834609063599446
node_6,1,CV-3WAY-FEATURES-node_6_seed_1_job_0000_3ee0ad1a488f,CV-3WAY-FEATURES-node_6_seed_1_job_0000_3ee0ad1a488f,finished,henneberg_n8_3tube_64,train,1020978,0.923712058515068,0.8461538457774314
node_6,2,CV-3WAY-FEATURES-node_6_seed_2_job_0001_740e0d999873,CV-3WAY-FEATURES-node_6_seed_2_job_0001_740e0d999873,finished,henneberg_n8_3tube_64,train,1020978,0.6118772331424636,0.8461538457774314
node_6,3,CV-3WAY-FEATURES-node_6_seed_3_job_0002_0d7a19b6b608,CV-3WAY-FEATURES-node_6_seed_3_job_0002_0d7a19b6b608,finished,henneberg_n8_3tube_64,train,1020978,1.0028722456747627,0.8461538457774314
node_6,1,CV-3WAY-FEATURES-node_6_seed_1_job_0000_3ee0ad1a488f,CV-3WAY-FEATURES-node_6_seed_1_job_0000_3ee0ad1a488f,finished,octahedron,heldout,541149,0.5236026106099964,0.36247530894402374
node_6,2,CV-3WAY-FEATURES-node_6_seed_2_job_0001_740e0d999873,CV-3WAY-FEATURES-node_6_seed_2_job_0001_740e0d999873,finished,octahedron,heldout,541149,0.4837171783258582,0.36247530894402374
node_6,3,CV-3WAY-FEATURES-node_6_seed_3_job_0002_0d7a19b6b608,CV-3WAY-FEATURES-node_6_seed_3_job_0002_0d7a19b6b608,finished,octahedron,heldout,541149,0.0801061378962167,0.36247530894402374
node_6,1,CV-3WAY-FEATURES-node_6_seed_1_job_0000_3ee0ad1a488f,CV-3WAY-FEATURES-node_6_seed_1_job_0000_3ee0ad1a488f,finished,tetrahedron,train,1240197,0.798196145468254,1.7942985984537347
node_6,2,CV-3WAY-FEATURES-node_6_seed_2_job_0001_740e0d999873,CV-3WAY-FEATURES-node_6_seed_2_job_0001_740e0d999873,finished,tetrahedron,train,1240197,1.4332377551051936,1.7942985984537347
node_6,3,CV-3WAY-FEATURES-node_6_seed_3_job_0002_0d7a19b6b608,CV-3WAY-FEATURES-node_6_seed_3_job_0002_0d7a19b6b608,finished,tetrahedron,train,1240197,3.1514618947877566,1.7942985984537347
node_6,1,CV-3WAY-FEATURES-node_6_seed_1_job_0000_3ee0ad1a488f,CV-3WAY-FEATURES-node_6_seed_1_job_0000_3ee0ad1a488f,finished,usevitch_210272254_p1,train,1841133,1.588790634657478,2.0430577180905485
node_6,2,CV-3WAY-FEATURES-node_6_seed_2_job_0001_740e0d999873,CV-3WAY-FEATURES-node_6_seed_2_job_0001_740e0d999873,finished,usevitch_210272254_p1,train,1841133,2.115507203158888,2.0430577180905485
node_6,3,CV-3WAY-FEATURES-node_6_seed_3_job_0002_0d7a19b6b608,CV-3WAY-FEATURES-node_6_seed_3_job_0002_0d7a19b6b608,finished,usevitch_210272254_p1,train,1841133,2.424875316455279,2.0430577180905485
node_6,1,CV-3WAY-FEATURES-node_6_seed_1_job_0000_3ee0ad1a488f,CV-3WAY-FEATURES-node_6_seed_1_job_0000_3ee0ad1a488f,finished,usevitch_60243677150_p1,train,1900920,1.33578393852827,1.489511350083997
node_6,2,CV-3WAY-FEATURES-node_6_seed_2_job_0001_740e0d999873,CV-3WAY-FEATURES-node_6_seed_2_job_0001_740e0d999873,finished,usevitch_60243677150_p1,train,1900920,1.7056588437254927,1.489511350083997
node_6,3,CV-3WAY-FEATURES-node_6_seed_3_job_0002_0d7a19b6b608,CV-3WAY-FEATURES-node_6_seed_3_job_0002_0d7a19b6b608,finished,usevitch_60243677150_p1,train,1900920,1.4270912679982288,1.489511350083997
node_8,1,CV-3WAY-FEATURES-node_8_seed_1_job_0003_78d9c5ab1895,CV-3WAY-FEATURES-node_8_seed_1_job_0003_78d9c5ab1895,finished,henneberg_n5_1tube_1,train,800256,1.4421260657312178,1.327759077655676
node_8,2,CV-3WAY-FEATURES-node_8_seed_2_job_0004_500c6d99587b,CV-3WAY-FEATURES-node_8_seed_2_job_0004_500c6d99587b,finished,henneberg_n5_1tube_1,train,800256,0.9907969316050348,1.327759077655676
node_8,3,CV-3WAY-FEATURES-node_8_seed_3_job_0005_22f5ed932b7e,CV-3WAY-FEATURES-node_8_seed_3_job_0005_22f5ed932b7e,finished,henneberg_n5_1tube_1,train,800256,1.5503542356307751,1.327759077655676
node_8,1,CV-3WAY-FEATURES-node_8_seed_1_job_0003_78d9c5ab1895,CV-3WAY-FEATURES-node_8_seed_1_job_0003_78d9c5ab1895,finished,henneberg_n6_1tube_2,train,880128,0.7127202961996364,1.0701478312243122
node_8,2,CV-3WAY-FEATURES-node_8_seed_2_job_0004_500c6d99587b,CV-3WAY-FEATURES-node_8_seed_2_job_0004_500c6d99587b,finished,henneberg_n6_1tube_2,train,880128,1.1462471090291824,1.0701478312243122
node_8,3,CV-3WAY-FEATURES-node_8_seed_3_job_0005_22f5ed932b7e,CV-3WAY-FEATURES-node_8_seed_3_job_0005_22f5ed932b7e,finished,henneberg_n6_1tube_2,train,880128,1.3514760884441182,1.0701478312243122
node_8,1,CV-3WAY-FEATURES-node_8_seed_1_job_0003_78d9c5ab1895,CV-3WAY-FEATURES-node_8_seed_1_job_0003_78d9c5ab1895,finished,henneberg_n6_2tube_1,train,880128,0.7611028199281804,1.0400379869676384
node_8,2,CV-3WAY-FEATURES-node_8_seed_2_job_0004_500c6d99587b,CV-3WAY-FEATURES-node_8_seed_2_job_0004_500c6d99587b,finished,henneberg_n6_2tube_1,train,880128,0.9990222763841472,1.0400379869676384
node_8,3,CV-3WAY-FEATURES-node_8_seed_3_job_0005_22f5ed932b7e,CV-3WAY-FEATURES-node_8_seed_3_job_0005_22f5ed932b7e,finished,henneberg_n6_2tube_1,train,880128,1.3599888645905875,1.0400379869676384
node_8,1,CV-3WAY-FEATURES-node_8_seed_1_job_0003_78d9c5ab1895,CV-3WAY-FEATURES-node_8_seed_1_job_0003_78d9c5ab1895,finished,henneberg_n8_1tube_57,heldout,61440,0.3161493515220399,0.34668014064002417
node_8,2,CV-3WAY-FEATURES-node_8_seed_2_job_0004_500c6d99587b,CV-3WAY-FEATURES-node_8_seed_2_job_0004_500c6d99587b,finished,henneberg_n8_1tube_57,heldout,61440,0.4344545989764151,0.34668014064002417
node_8,3,CV-3WAY-FEATURES-node_8_seed_3_job_0005_22f5ed932b7e,CV-3WAY-FEATURES-node_8_seed_3_job_0005_22f5ed932b7e,finished,henneberg_n8_1tube_57,heldout,61440,0.2894364714216175,0.34668014064002417
node_8,1,CV-3WAY-FEATURES-node_8_seed_1_job_0003_78d9c5ab1895,CV-3WAY-FEATURES-node_8_seed_1_job_0003_78d9c5ab1895,finished,henneberg_n8_2tube_187,heldout,440832,-0.1795306070491835,0.13796641242798524
node_8,2,CV-3WAY-FEATURES-node_8_seed_2_job_0004_500c6d99587b,CV-3WAY-FEATURES-node_8_seed_2_job_0004_500c6d99587b,finished,henneberg_n8_2tube_187,heldout,440832,0.1460018433774807,0.13796641242798524
node_8,3,CV-3WAY-FEATURES-node_8_seed_3_job_0005_22f5ed932b7e,CV-3WAY-FEATURES-node_8_seed_3_job_0005_22f5ed932b7e,finished,henneberg_n8_2tube_187,heldout,440832,0.4474280009556585,0.13796641242798524
node_8,1,CV-3WAY-FEATURES-node_8_seed_1_job_0003_78d9c5ab1895,CV-3WAY-FEATURES-node_8_seed_1_job_0003_78d9c5ab1895,finished,henneberg_n8_3tube_64,heldout,520704,0.1255614961570803,0.19036215783464094
node_8,2,CV-3WAY-FEATURES-node_8_seed_2_job_0004_500c6d99587b,CV-3WAY-FEATURES-node_8_seed_2_job_0004_500c6d99587b,finished,henneberg_n8_3tube_64,heldout,520704,0.4641384112176472,0.19036215783464094
node_8,3,CV-3WAY-FEATURES-node_8_seed_3_job_0005_22f5ed932b7e,CV-3WAY-FEATURES-node_8_seed_3_job_0005_22f5ed932b7e,finished,henneberg_n8_3tube_64,heldout,520704,-0.0186134338708047,0.19036215783464094
node_8,1,CV-3WAY-FEATURES-node_8_seed_1_job_0003_78d9c5ab1895,CV-3WAY-FEATURES-node_8_seed_1_job_0003_78d9c5ab1895,finished,octahedron,train,760320,4.256142558820978,2.0406783845239995
node_8,2,CV-3WAY-FEATURES-node_8_seed_2_job_0004_500c6d99587b,CV-3WAY-FEATURES-node_8_seed_2_job_0004_500c6d99587b,finished,octahedron,train,760320,1.0007557437539316,2.0406783845239995
node_8,3,CV-3WAY-FEATURES-node_8_seed_3_job_0005_22f5ed932b7e,CV-3WAY-FEATURES-node_8_seed_3_job_0005_22f5ed932b7e,finished,octahedron,train,760320,0.865136850997089,2.0406783845239995
node_8,1,CV-3WAY-FEATURES-node_8_seed_1_job_0003_78d9c5ab1895,CV-3WAY-FEATURES-node_8_seed_1_job_0003_78d9c5ab1895,finished,tetrahedron,train,380928,0.7472380378773096,0.7952346243854186
node_8,2,CV-3WAY-FEATURES-node_8_seed_2_job_0004_500c6d99587b,CV-3WAY-FEATURES-node_8_seed_2_job_0004_500c6d99587b,finished,tetrahedron,train,380928,1.03348149733561,0.7952346243854186
node_8,3,CV-3WAY-FEATURES-node_8_seed_3_job_0005_22f5ed932b7e,CV-3WAY-FEATURES-node_8_seed_3_job_0005_22f5ed932b7e,finished,tetrahedron,train,380928,0.6049843379433362,0.7952346243854186
node_8,1,CV-3WAY-FEATURES-node_8_seed_1_job_0003_78d9c5ab1895,CV-3WAY-FEATURES-node_8_seed_1_job_0003_78d9c5ab1895,finished,usevitch_210272254_p1,heldout,0,-0.0522415835983934,0.24669990778191317
node_8,2,CV-3WAY-FEATURES-node_8_seed_2_job_0004_500c6d99587b,CV-3WAY-FEATURES-node_8_seed_2_job_0004_500c6d99587b,finished,usevitch_210272254_p1,heldout,0,0.4569143954371418,0.24669990778191317
node_8,3,CV-3WAY-FEATURES-node_8_seed_3_job_0005_22f5ed932b7e,CV-3WAY-FEATURES-node_8_seed_3_job_0005_22f5ed932b7e,finished,usevitch_210272254_p1,heldout,0,0.3354269115069911,0.24669990778191317
node_8,1,CV-3WAY-FEATURES-node_8_seed_1_job_0003_78d9c5ab1895,CV-3WAY-FEATURES-node_8_seed_1_job_0003_78d9c5ab1895,finished,usevitch_60243677150_p1,train,860160,0.7670763838277239,0.9488410326872055
node_8,2,CV-3WAY-FEATURES-node_8_seed_2_job_0004_500c6d99587b,CV-3WAY-FEATURES-node_8_seed_2_job_0004_500c6d99587b,finished,usevitch_60243677150_p1,train,860160,0.9941377217096476,0.9488410326872055
node_8,3,CV-3WAY-FEATURES-node_8_seed_3_job_0005_22f5ed932b7e,CV-3WAY-FEATURES-node_8_seed_3_job_0005_22f5ed932b7e,finished,usevitch_60243677150_p1,train,860160,1.085308992524245,0.9488410326872055
node_9,1,CV-BASE-node_9_seed_1_job_0012_c0226ac85a3b,CV-BASE-node_9_seed_1_job_0012_c0226ac85a3b,finished,henneberg_n5_1tube_1,train,4520043,1.6544458269368705,6.260689311837556
node_9,2,CV-BASE-node_9_seed_2_job_0013_a891e21a51ba,CV-BASE-node_9_seed_2_job_0013_a891e21a51ba,finished,henneberg_n5_1tube_1,train,4520043,8.216446281493475,6.260689311837556
node_9,3,CV-BASE-node_9_seed_3_job_0014_d790cdcd89da,CV-BASE-node_9_seed_3_job_0014_d790cdcd89da,finished,henneberg_n5_1tube_1,train,4520043,8.911175827082323,6.260689311837556
node_9,1,CV-BASE-node_9_seed_1_job_0012_c0226ac85a3b,CV-BASE-node_9_seed_1_job_0012_c0226ac85a3b,finished,henneberg_n6_1tube_2,train,4960197,2.853115950903974,2.2867469398171
node_9,2,CV-BASE-node_9_seed_2_job_0013_a891e21a51ba,CV-BASE-node_9_seed_2_job_0013_a891e21a51ba,finished,henneberg_n6_1tube_2,train,4960197,2.1017810369991143,2.2867469398171
node_9,3,CV-BASE-node_9_seed_3_job_0014_d790cdcd89da,CV-BASE-node_9_seed_3_job_0014_d790cdcd89da,finished,henneberg_n6_1tube_2,train,4960197,1.9053438315482107,2.2867469398171
node_9,1,CV-BASE-node_9_seed_1_job_0012_c0226ac85a3b,CV-BASE-node_9_seed_1_job_0012_c0226ac85a3b,finished,henneberg_n6_2tube_1,train,4460022,1.4259955699990048,10.844175655502047
node_9,2,CV-BASE-node_9_seed_2_job_0013_a891e21a51ba,CV-BASE-node_9_seed_2_job_0013_a891e21a51ba,finished,henneberg_n6_2tube_1,train,4460022,1.907678037026452,10.844175655502047
node_9,3,CV-BASE-node_9_seed_3_job_0014_d790cdcd89da,CV-BASE-node_9_seed_3_job_0014_d790cdcd89da,finished,henneberg_n6_2tube_1,train,4460022,29.198853359480687,10.844175655502047
node_9,1,CV-BASE-node_9_seed_1_job_0012_c0226ac85a3b,CV-BASE-node_9_seed_1_job_0012_c0226ac85a3b,finished,henneberg_n8_1tube_57,train,3961386,2.413488234869148,2.2833532125819964
node_9,2,CV-BASE-node_9_seed_2_job_0013_a891e21a51ba,CV-BASE-node_9_seed_2_job_0013_a891e21a51ba,finished,henneberg_n8_1tube_57,train,3961386,2.266488445734581,2.2833532125819964
node_9,3,CV-BASE-node_9_seed_3_job_0014_d790cdcd89da,CV-BASE-node_9_seed_3_job_0014_d790cdcd89da,finished,henneberg_n8_1tube_57,train,3961386,2.17008295714226,2.2833532125819964
node_9,1,CV-BASE-node_9_seed_1_job_0012_c0226ac85a3b,CV-BASE-node_9_seed_1_job_0012_c0226ac85a3b,finished,henneberg_n8_2tube_187,train,4960197,3.270059270319815,2.5395092222549858
node_9,2,CV-BASE-node_9_seed_2_job_0013_a891e21a51ba,CV-BASE-node_9_seed_2_job_0013_a891e21a51ba,finished,henneberg_n8_2tube_187,train,4960197,2.7340188860835,2.5395092222549858
node_9,3,CV-BASE-node_9_seed_3_job_0014_d790cdcd89da,CV-BASE-node_9_seed_3_job_0014_d790cdcd89da,finished,henneberg_n8_2tube_187,train,4960197,1.614449510361642,2.5395092222549858
node_9,1,CV-BASE-node_9_seed_1_job_0012_c0226ac85a3b,CV-BASE-node_9_seed_1_job_0012_c0226ac85a3b,finished,henneberg_n8_3tube_64,train,4740120,1.6713275198677462,2.039209940074208
node_9,2,CV-BASE-node_9_seed_2_job_0013_a891e21a51ba,CV-BASE-node_9_seed_2_job_0013_a891e21a51ba,finished,henneberg_n8_3tube_64,train,4740120,2.8296278619063773,2.039209940074208
node_9,3,CV-BASE-node_9_seed_3_job_0014_d790cdcd89da,CV-BASE-node_9_seed_3_job_0014_d790cdcd89da,finished,henneberg_n8_3tube_64,train,4740120,1.6166744384485003,2.039209940074208
node_9,1,CV-BASE-node_9_seed_1_job_0012_c0226ac85a3b,CV-BASE-node_9_seed_1_job_0012_c0226ac85a3b,finished,octahedron,train,4460022,15.284004007238156,15.094501077666841
node_9,2,CV-BASE-node_9_seed_2_job_0013_a891e21a51ba,CV-BASE-node_9_seed_2_job_0013_a891e21a51ba,finished,octahedron,train,4460022,14.128896482409122,15.094501077666841
node_9,3,CV-BASE-node_9_seed_3_job_0014_d790cdcd89da,CV-BASE-node_9_seed_3_job_0014_d790cdcd89da,finished,octahedron,train,4460022,15.870602743353246,15.094501077666841
node_9,1,CV-BASE-node_9_seed_1_job_0012_c0226ac85a3b,CV-BASE-node_9_seed_1_job_0012_c0226ac85a3b,finished,tetrahedron,train,4281498,10.588608872110168,3.816891159831011
node_9,2,CV-BASE-node_9_seed_2_job_0013_a891e21a51ba,CV-BASE-node_9_seed_2_job_0013_a891e21a51ba,finished,tetrahedron,train,4281498,0.5174695187616256,3.816891159831011
node_9,3,CV-BASE-node_9_seed_3_job_0014_d790cdcd89da,CV-BASE-node_9_seed_3_job_0014_d790cdcd89da,finished,tetrahedron,train,4281498,0.3445950886212404,3.816891159831011
node_9,1,CV-BASE-node_9_seed_1_job_0012_c0226ac85a3b,CV-BASE-node_9_seed_1_job_0012_c0226ac85a3b,finished,usevitch_210272254_p1,train,4680099,2.091244397119948,3.044114487995241
node_9,2,CV-BASE-node_9_seed_2_job_0013_a891e21a51ba,CV-BASE-node_9_seed_2_job_0013_a891e21a51ba,finished,usevitch_210272254_p1,train,4680099,3.5528906752127325,3.044114487995241
node_9,3,CV-BASE-node_9_seed_3_job_0014_d790cdcd89da,CV-BASE-node_9_seed_3_job_0014_d790cdcd89da,finished,usevitch_210272254_p1,train,4680099,3.4882083916530418,3.044114487995241
node_9,1,CV-BASE-node_9_seed_1_job_0012_c0226ac85a3b,CV-BASE-node_9_seed_1_job_0012_c0226ac85a3b,finished,usevitch_60243677150_p1,heldout,2240784,-0.0009271681824628,0.27395588593730014
node_9,2,CV-BASE-node_9_seed_2_job_0013_a891e21a51ba,CV-BASE-node_9_seed_2_job_0013_a891e21a51ba,finished,usevitch_60243677150_p1,heldout,2240784,0.3042863304502533,0.27395588593730014
node_9,3,CV-BASE-node_9_seed_3_job_0014_d790cdcd89da,CV-BASE-node_9_seed_3_job_0014_d790cdcd89da,finished,usevitch_60243677150_p1,heldout,2240784,0.5185084955441099,0.27395588593730014
